Product,Brand,Price,Rating,Reviews,Bought past month
"ZEBRONICS Thunder Neo (2026 Upgrade) Wireless Headphone, BT v6.0, True 50hrs Playback, 40mm Driver, ENC, Rapid Charge, Gaming Mode, Dual Pairing, 3 EQ Modes, AUX, Voice Assistant (Black)",Zebronics,599.0,3.9,529,5000
"boAt Rockerz 371, 40mm Drivers, 50hrs Battery, 60ms Low Latency, ENx Tech, BT v5.4, Foldable Cups, Voice Assistant, Bluetooth Headphones, Wireless Headphone with Mic (Black Sabre)",Boat,999.0,4.1,617,4000
"boAt Rockerz 480, RGB LEDs,6 Light Modes, 40mm Drivers,Beast Mode, 60H Battery, ENx Tech, Stream Ad Free Music via App Support, Bluetooth Headphones, Wireless Over Ear Headphone with Mic (White Sabre)",Boat,1599.0,4.1,4,4000
"pTron Studio Pro w/ 65Hrs Playtime, Wireless Over Ear Headphones w/HD Mic, Dual Device Pairing, TruTalk AI-ENC Calls, Low-Latency Game & Music, 40mm Drivers, BT5.4, Type-C Fast Charging (Beige)",Ptron,749.0,3.7,872,1000
"boAt Rockerz 411, 40Ms Low Latency, 40Hrs Battery, 40Mm Drivers, ENx Tech, Stream Ad Free Music via App Support, Bluetooth Headphones, Wireless Over Ear Headphone with Mic (Bold Blue)",Boat,1199.0,4.2,28,2000
"Zebronics Thunder (2026 Upgrade) Wireless Headphones, BT v6.0, True 60 hrs Playback, 40mm Drivers, ENC, Gaming Mode, Dual Pairing, AUX & microSD, Rapid Charging, Call Function (Teal Green)",Zebronics,699.0,3.8,82,500
"Skullcandy Crusher 540 Active Wireless Bluetooth Headphones with Multi-Sensory Bass, Noise Isolating Over-Ear Fit, Sweat and Water Resistant, 40 Hours Battery, Microphone for iPhone Android - Coal | Bluetooth, Noise Isolating Over-Ear Secure Fit, Sweat and Water Resistant, 40 Hours Battery, Working Out, Gym, Fitness",Skullcandy,11999.0,4.5,496,0
"boAt Bassheads 211 Wired Earphones with 10mm Drivers, Signature Sound, in-Line Microphone, 3.5mm Jack, Voice Assistant & 120cm Cables (Raging Black)",Boat,299.0,4.0,1,5000
"boAt Rockerz 113, 40H Battery, Dual Pair, Fast Charge, ENx Tech, Stream Ad Free Music via App Support, Magnetic Buds, Bluetooth Neckband, Wireless with Mic in Ear Earphones (Ash Grey)",Boat,699.0,4.0,12,5000
"boAt Rockerz 421, 60H Battery, Low Latency(40Ms), 40Mm Drivers, ENx Tech, Stream Ad Free Music via App Support, Bluetooth Headphones, Wireless Over Ear Headphone with Mic (Black Sabre)",Boat,1099.0,3.9,2,1000
"Sony WH-CH520 Wireless Bluetooth Headphones On Ear with Mic, Up to 50Hrs Battery-Pink",Sony,3989.0,4.2,30,500
"Sony MDR-ZX110A On Ear Stereo Wired Headphones (White), Without Mic",Sony,599.0,4.0,67,1000
"Spigen Audio Newly Launched SA-HP P10 Wireless Over Ear Headphones with 60H Playtime, Upto 43dB Multi-Mode Adaptive ANC Pro, EQ Customizing App, 5-MIC, Gaming Mode, 40mm Driver - Black | Wireless Over Ear Headphones, 60H Playtime, Upto 43dB Multi-Mode ANC Pro, EQ Customizing App, 5-MIC, Gaming Mode, 40mm Driver",Spigen,2564.0,4.3,270,2000
"boAt Rockerz 512 ANC, 40Db Hybrid ANC, 80Hrs Playback, 40Mm Drivers, 40Ms Latency Beast Mode, Enx Tech, App Support, Over Ear Bluetooth Headphones, Wireless Headphone with Mic (Bold White)",Boat,2599.0,4.2,31,400
"pTron Studio Evo 70hrs Playtime Wireless Over Ear Headphones w/HD Mic, Dual Device Pairing, Low-Latency Game/Movie/Music Modes, Punchy Bass, BT5.3, Voice Assistant & Type-C Fast Charging (Beige)",Ptron,849.0,4.1,2,1000
"Zebronics Zeb-Storm On Ear Wired Headphone with 3.5mm Jack, Built in Microphone for Calling, 1.5 Meter Cable, Soft Ear Cushion, Adjustable Headband, Foldable Ear Cups and Lightweight Design (Black)",Zebronics,449.0,3.7,4,1000
